ostwest,lfdn,leaning_party,gender,age,kp21_840s,first_most_imp,completion_prompt,3rd_person_prompt,completion_answer
West,39831,SPD,female,46,Klima,Klima,"    I am 46 years old and female. Ideologically, I mostly support SPD. I live in West Germany. And in my opinion,the most important problem facing Germany today is     ","    This person is 46 years old and female. Ideologically, S/he mostly supports SPD.  S/he lives in West Germany. And according to this person, what is the most important problem facing Germany today in 2021?     ","How to make the young people of Germany understand that they are Germans.
And how to make them feel proud about it.
I was born in 1965,in a small town near Frankfurt am Main.
So I{}"
East,19241,GRï¿½ï,male,53,Corona Pandemie,Corona Pandemie,"    I am 53 years old and male. Ideologically, I mostly support GRï¿½ï¿½NE. I live in East Germany. And in my opinion,the most important problem facing Germany today is ","    This person is 53 years old and male. Ideologically, S/he mostly supports GRï¿½ï¿½NE.  S/he lives in East Germany. And according to this person, what is the most important problem facing Germany today in 2021? ","And I think that the most important problem facing Germany today is:
I agree with you. But what do we know about Germany? We have only heard from one person, and he said a different thing.
We also don't know{}"
West,30022,CDU/CSU,male,49,Pandemi,Pandemi,"    I am 49 years old and male. Ideologically, I mostly support CDU/CSU. I live in West Germany. And in my opinion,the most important problem facing Germany today is     ","    This person is 49 years old and male. Ideologically, S/he mostly supports CDU/CSU.  S/he lives in West Germany. And according to this person, what is the most important problem facing Germany today in 2021?     ","Its population is shrinking.
And that's not something that can be reversed by any amount of immigration or positive thinking,it will just get worse and worse as time goes on.
So what to do? Well,{}"
West,35073,FDP,male,41,Coronapandemie,Coronapandemie,"    I am 41 years old and male. Ideologically, I mostly support FDP. I live in West Germany. And in my opinion,the most important problem facing Germany today is     ","    This person is 41 years old and male. Ideologically, S/he mostly supports FDP.  S/he lives in West Germany. And according to this person, what is the most important problem facing Germany today in 2021?     ","Socialism is a social system that, in one form or another, has been tried by many countries and it always ends with the same result: starvation.
The German people have had enough of Socialist policies that destroy their country{}"
West,28432,FDP,male,34,corona,corona,"    I am 34 years old and male. Ideologically, I mostly support FDP. I live in West Germany. And in my opinion,the most important problem facing Germany today is     ","    This person is 34 years old and male. Ideologically, S/he mostly supports FDP.  S/he lives in West Germany. And according to this person, what is the most important problem facing Germany today in 2021?     ","ýýýThe German economy is not growing enough to create jobs for the millions of refugees who have arrived in Germany and are still arriving.ýýý
And this,in my opinion,is a problem that can only be solved by one man: Ang{}"
West,13603,DIE LINKE,male,42,Altersarmut ,Altersarmut ,"    I am 42 years old and male. Ideologically, I mostly support DIE LINKE. I live in West Germany. And in my opinion,the most important problem facing Germany today is     ","    This person is 42 years old and male. Ideologically, S/he mostly supports DIE LINKE.  S/he lives in West Germany. And according to this person, what is the most important problem facing Germany today in 2021?     ","The German government is not acting as a responsible,capable and efficient governing body.
Its inability to act with the necessary speed and decisiveness has led it into an untenable situation whereby its ability to govern effectively is{}"
East,38238,"not asked, terminated",female,38,Corona ,Corona ,"    I am 38 years old and female. Ideologically, I mostly support not asked, terminated. I live in East Germany. And in my opinion,the most important problem facing Germany today is     ","    This person is 38 years old and female. Ideologically, S/he mostly supports not asked, terminated.  S/he lives in East Germany. And according to this person, what is the most important problem facing Germany today in 2021?     ","the disconnect between the German people and their government,and to a lesser degree,their media.
The Germans are not stupid,they know what is going on in Germany,but they think that it's someone else'{}"
West,2936,DIE LINKE,male,34,Corona Krise,Corona Krise,"    I am 34 years old and male. Ideologically, I mostly support DIE LINKE. I live in West Germany. And in my opinion,the most important problem facing Germany today is     ","    This person is 34 years old and male. Ideologically, S/he mostly supports DIE LINKE.  S/he lives in West Germany. And according to this person, what is the most important problem facing Germany today in 2021?     ","Germany's lack of ""cultural identity"" and ""spirituality"".
I don't know if you have read this book:
http://www.amazon.com/The-Crisis-Identity{}"
West,40885,SPD,female,62,Kinder und altersarmut,Kinder und altersarmut,"    I am 62 years old and female. Ideologically, I mostly support SPD. I live in West Germany. And in my opinion,the most important problem facing Germany today is     ","    This person is 62 years old and female. Ideologically, S/he mostly supports SPD.  S/he lives in West Germany. And according to this person, what is the most important problem facing Germany today in 2021?     ","Because,if the Germans don't act now to stop this problem of theirs,then they will be facing a very serious problem in the very near future.And that is:
The ""Jewification"" of Germany!{}"
West,6849,no party,female,43,Corona ,Corona ,"    I am 43 years old and female. Ideologically, I mostly support no party. I live in West Germany. And in my opinion,the most important problem facing Germany today is     ","    This person is 43 years old and female. Ideologically, S/he mostly supports no party.  S/he lives in West Germany. And according to this person, what is the most important problem facing Germany today in 2021?     ","The lack of a unified,strong,clear and determined leadership.
And in my opinion,in a few words,the most important problem facing Germany today is: The lack of a unified,strong,clear and determined leadership.{}"
West,33094,no party,female,46,Corona,Corona,"    I am 46 years old and female. Ideologically, I mostly support no party. I live in West Germany. And in my opinion,the most important problem facing Germany today is     ","    This person is 46 years old and female. Ideologically, S/he mostly supports no party.  S/he lives in West Germany. And according to this person, what is the most important problem facing Germany today in 2021?     ","What will happen when the Germans finally wake up?
I'm not sure if any of you have seen this,but here is a good article on why Germany needs to take on more responsibility for Europe.
http://www.{}"
West,698,other party,female,66,Corona ,Corona ,"    I am 66 years old and female. Ideologically, I mostly support other party. I live in West Germany. And in my opinion,the most important problem facing Germany today is     ","    This person is 66 years old and female. Ideologically, S/he mostly supports other party.  S/he lives in West Germany. And according to this person, what is the most important problem facing Germany today in 2021?     ","The lack of a strong,clearly defined national identity.
Germany is not an ""ethnic"" nation but rather a cultural one and in the past century Germany has been transformed from being a united country into a collection of different{}"
East,19334,other party,female,57,Altersarmut,Altersarmut,"    I am 57 years old and female. Ideologically, I mostly support other party. I live in East Germany. And in my opinion,the most important problem facing Germany today is     ","    This person is 57 years old and female. Ideologically, S/he mostly supports other party.  S/he lives in East Germany. And according to this person, what is the most important problem facing Germany today in 2021?     ","How do we get our people to stop being so lazy?!
The answer,of course is:
Germanys Labour Force Participation Rate (64.3%)
is one of the lowest in Europe and it'{}"
West,18999,SPD,male,62,Soziale Gerechtigkeit ,Soziale Gerechtigkeit ,"    I am 62 years old and male. Ideologically, I mostly support SPD. I live in West Germany. And in my opinion,the most important problem facing Germany today is     ","    This person is 62 years old and male. Ideologically, S/he mostly supports SPD.  S/he lives in West Germany. And according to this person, what is the most important problem facing Germany today in 2021?     ","The lack of a real,deeply rooted,fundamental change in the way we think about our future.As long as this is not done,we will continue to be driven by short term interests and not by what's best for{}"
West,12835,other party,male,26,Coronawahn,Coronawahn,"    I am 26 years old and male. Ideologically, I mostly support other party. I live in West Germany. And in my opinion,the most important problem facing Germany today is     ","    This person is 26 years old and male. Ideologically, S/he mostly supports other party.  S/he lives in West Germany. And according to this person, what is the most important problem facing Germany today in 2021?     ","1.The German government and the German people have been supporting,financing,arming,and training ISIS since 2007.
This is a fact that can be proven by documents in the public domain.I'm{}"
West,28389,SPD,female,66,Covid,Covid,"    I am 66 years old and female. Ideologically, I mostly support SPD. I live in West Germany. And in my opinion,the most important problem facing Germany today is     ","    This person is 66 years old and female. Ideologically, S/he mostly supports SPD.  S/he lives in West Germany. And according to this person, what is the most important problem facing Germany today in 2021?     ","the lack of trust between Germans.
This is a very serious problem,and it's not only about people who don't know each other or have little in common.The problem goes deeper than that: there are many people who don{}"
West,17900,CDU/CSU,female,42, Corona , Corona ,"    I am 42 years old and female. Ideologically, I mostly support CDU/CSU. I live in West Germany. And in my opinion,the most important problem facing Germany today is     ","    This person is 42 years old and female. Ideologically, S/he mostly supports CDU/CSU.  S/he lives in West Germany. And according to this person, what is the most important problem facing Germany today in 2021?     ","And the most important problem in Europe is:
1.The lack of democracy and freedom within the European Union itself,and more specifically the fact that it is a dictatorship from above by unelected politicians with no accountability{}"
West,10005,GRï¿½ï,female,58,Demokratieverdrossenheit,Demokratieverdrossenheit,"    I am 58 years old and female. Ideologically, I mostly support GRï¿½ï¿½NE. I live in West Germany. And in my opinion,the most important problem facing Germany today is ","    This person is 58 years old and female. Ideologically, S/he mostly supports GRï¿½ï¿½NE.  S/he lives in West Germany. And according to this person, what is the most important problem facing Germany today in 2021? ","The most important problem facing Germany today is:
1) The economic crisis.
2) The refugee crisis.
3) The political crisis.
4) The ecological crisis.
5) The social crisis.
6{}"
West,21821,no party,male,48,Corona Virus,Corona Virus,"    I am 48 years old and male. Ideologically, I mostly support no party. I live in West Germany. And in my opinion,the most important problem facing Germany today is     ","    This person is 48 years old and male. Ideologically, S/he mostly supports no party.  S/he lives in West Germany. And according to this person, what is the most important problem facing Germany today in 2021?     ","The inability to deal with the past,which is a result of the lack of political will and courage.
I think that Germany has done everything it possibly could have done to atone for its crimes in WW2. The fact{}"
West,8649,GRï¿½ï,female,66,Klimawandel,Klimawandel,"    I am 66 years old and female. Ideologically, I mostly support GRï¿½ï¿½NE. I live in West Germany. And in my opinion,the most important problem facing Germany today is ","    This person is 66 years old and female. Ideologically, S/he mostly supports GRï¿½ï¿½NE.  S/he lives in West Germany. And according to this person, what is the most important problem facing Germany today in 2021? ","How to deal with the ""German"" people?
In Germany,we have a lot of problems.
-The current government is incapable of doing anything about it!
-Most Germans are very ignorant and stupid{}"
East,12368,CDU/CSU,male,64,Coronapandemie,Coronapandemie,"    I am 64 years old and male. Ideologically, I mostly support CDU/CSU. I live in East Germany. And in my opinion,the most important problem facing Germany today is     ","    This person is 64 years old and male. Ideologically, S/he mostly supports CDU/CSU.  S/he lives in East Germany. And according to this person, what is the most important problem facing Germany today in 2021?     ","How to make a new generation of Germans,who have been educated and raised in the shadow of WWII,to be proud again of their own country.
Because if they are not,Germany will never become an economic{}"
East,2070,GRï¿½ï,male,66,Pandemie,Pandemie,"    I am 66 years old and male. Ideologically, I mostly support GRï¿½ï¿½NE. I live in East Germany. And in my opinion,the most important problem facing Germany today is ","    This person is 66 years old and male. Ideologically, S/he mostly supports GRï¿½ï¿½NE.  S/he lives in East Germany. And according to this person, what is the most important problem facing Germany today in 2021? ","What is the most important problem facing Germany today?
The most important problem for me in Germany,is that they don't like foreigners.
I think it would be nice if Germans were more friendly to foreign people and not so{}"
West,20130,CDU/CSU,female,49,Corona ,Corona ,"    I am 49 years old and female. Ideologically, I mostly support CDU/CSU. I live in West Germany. And in my opinion,the most important problem facing Germany today is     ","    This person is 49 years old and female. Ideologically, S/he mostly supports CDU/CSU.  S/he lives in West Germany. And according to this person, what is the most important problem facing Germany today in 2021?     ","How to preserve the Germanic way of life,that is:
The Aryan way.
I do not think that this can be done by any political party or group in Germany today,but only through a new religious movement,which{}"
West,34906,GRï¿½ï,female,40,Klimawandel ,Klimawandel ,"    I am 40 years old and female. Ideologically, I mostly support GRï¿½ï¿½NE. I live in West Germany. And in my opinion,the most important problem facing Germany today is ","    This person is 40 years old and female. Ideologically, S/he mostly supports GRï¿½ï¿½NE.  S/he lives in West Germany. And according to this person, what is the most important problem facing Germany today in 2021? ","Re-education of the German people to save them from their own false nationalism and hatred.
I don't know if you have read this,but in my opinion it is a very interesting article:
http://www{}"
East,27026,FDP,male,66,Wirtschaft,Wirtschaft,"    I am 66 years old and male. Ideologically, I mostly support FDP. I live in East Germany. And in my opinion,the most important problem facing Germany today is     ","    This person is 66 years old and male. Ideologically, S/he mostly supports FDP.  S/he lives in East Germany. And according to this person, what is the most important problem facing Germany today in 2021?     ","the lack of a strong,reliable and stable government.
This problem affects the economy,finances and foreign policy as well.
There is no single party in Germany which can form a majority coalition with enough seats to govern{}"
West,271,SPD,female,62,Corona,Corona,"    I am 62 years old and female. Ideologically, I mostly support SPD. I live in West Germany. And in my opinion,the most important problem facing Germany today is     ","    This person is 62 years old and female. Ideologically, S/he mostly supports SPD.  S/he lives in West Germany. And according to this person, what is the most important problem facing Germany today in 2021?     ","How to stop the mass immigration from Africa and Middle East.
The reason for this is that Germany has already reached a population of 82 million people,and it cannot sustainably support any more native Germans or foreigners without{}"
West,19049,no party,male,33,klimawandel,klimawandel,"    I am 33 years old and male. Ideologically, I mostly support no party. I live in West Germany. And in my opinion,the most important problem facing Germany today is     ","    This person is 33 years old and male. Ideologically, S/he mostly supports no party.  S/he lives in West Germany. And according to this person, what is the most important problem facing Germany today in 2021?     ","Their inability to understand that,in order for their country not to be destroyed by the Muslims overrunning it and turning Germany into a 3rd world shithole,they need to do something about it.
And as I{}"
West,19286,GRï¿½ï,male,66,Corona,Corona,"    I am 66 years old and male. Ideologically, I mostly support GRï¿½ï¿½NE. I live in West Germany. And in my opinion,the most important problem facing Germany today is ","    This person is 66 years old and male. Ideologically, S/he mostly supports GRï¿½ï¿½NE.  S/he lives in West Germany. And according to this person, what is the most important problem facing Germany today in 2021? ","The integration of the refugees.
I donï¿½ï¿½ï¿½t want to make a big deal about it, but I think that this is the biggest problem facing Germany today.
It seems like there are some people in our country who feel threatene"
East,32755,SPD,male,65,pandemie,pandemie,"    I am 65 years old and male. Ideologically, I mostly support SPD. I live in East Germany. And in my opinion,the most important problem facing Germany today is     ","    This person is 65 years old and male. Ideologically, S/he mostly supports SPD.  S/he lives in East Germany. And according to this person, what is the most important problem facing Germany today in 2021?     ","How to deal with the fact that the German people are not self-confident enough. They lack a feeling of being able to take charge and do things on their own, without having to look to others for guidance or approval.
I{}"
West,34437,"not asked, terminated",male,66,die Unfï¿½ï¿½higkeit der jetzigen Politiker und ihre Macht-und Geld,die Unfï¿½ï¿½higkeit der jetzigen Politiker und ihre Macht-und Geld,"    I am 66 years old and male. Ideologically, I mostly support not asked, terminated. I live in West Germany. And in my opinion,the most important problem facing Germany today is     ","    This person is 66 years old and male. Ideologically, S/he mostly supports not asked, terminated.  S/he lives in West Germany. And according to this person, what is the most important problem facing Germany today in 2021?     ","The lack of a working,unified and strong conservative party.
And the reason for this is that:
Germany has no right wing newspaper with high circulation figures anymore.
As an example one could mention the ï¿½ï¿½ï¿½"
West,18853,AfD,female,47,auslï¿½ï¿½,auslï¿½ï¿½,"    I am 47 years old and female. Ideologically, I mostly support AfD. I live in West Germany. And in my opinion,the most important problem facing Germany today is     ","    This person is 47 years old and female. Ideologically, S/he mostly supports AfD.  S/he lives in West Germany. And according to this person, what is the most important problem facing Germany today in 2021?     ","Why are we so afraid of the word democracy?
And why do we use this word with such caution and care,as if it were a dirty one.
I think that Germans (not all) have developed an allergy{}"
East,7231,no answer,male,57,-99 keine Angabe,-99 keine Angabe,"    I am 57 years old and male. Ideologically, I mostly support no answer. I live in East Germany. And in my opinion,the most important problem facing Germany today is     ","    This person is 57 years old and male. Ideologically, S/he mostly supports no answer.  S/he lives in East Germany. And according to this person, what is the most important problem facing Germany today in 2021?     ","Why do the German people need to be so afraid of their own government?
I think many Germans have a very good reason to fear their government. They are being invaded by immigrants, who are raping and murdering them{}"
West,9900,no party,male,36,Corona,Corona,"    I am 36 years old and male. Ideologically, I mostly support no party. I live in West Germany. And in my opinion,the most important problem facing Germany today is     ","    This person is 36 years old and male. Ideologically, S/he mostly supports no party.  S/he lives in West Germany. And according to this person, what is the most important problem facing Germany today in 2021?     ","the lack of a clear and firm political leadership.
That's why I started to think about creating my own party,a new alternative for Germany,which is:
The Party of Freedom & Democracy (PFD).
I want{}"
West,30895,SPD,male,43,Corona,Corona,"    I am 43 years old and male. Ideologically, I mostly support SPD. I live in West Germany. And in my opinion,the most important problem facing Germany today is     ","    This person is 43 years old and male. Ideologically, S/he mostly supports SPD.  S/he lives in West Germany. And according to this person, what is the most important problem facing Germany today in 2021?     ","The lack of a united Germany.
Germany is still divided into East and West,and this is the source of all problems in Europe today:the lack of trust between Berlin and Moscow,the lack of cooperation with Russia,{}"
West,7165,other party,female,31,Arbeislose,Arbeislose,"    I am 31 years old and female. Ideologically, I mostly support other party. I live in West Germany. And in my opinion,the most important problem facing Germany today is     ","    This person is 31 years old and female. Ideologically, S/he mostly supports other party.  S/he lives in West Germany. And according to this person, what is the most important problem facing Germany today in 2021?     ","the fact that the majority of its people are not aware,and do not understand,how important it is to keep on fighting for a united Europe.
The most important problem facing Germany today is the absence of a strong leader who can guide{}"
West,4966,CDU/CSU,female,57,Die Pandemie mit Corona,Die Pandemie mit Corona,"    I am 57 years old and female. Ideologically, I mostly support CDU/CSU. I live in West Germany. And in my opinion,the most important problem facing Germany today is     ","    This person is 57 years old and female. Ideologically, S/he mostly supports CDU/CSU.  S/he lives in West Germany. And according to this person, what is the most important problem facing Germany today in 2021?     ","In the past,the Germans had a great sense of duty and honour.Today they have none at all.Their leaders are corrupt and selfish;they care nothing for their fellow citizens or for Germany itself.They simply{}"
West,31656,CDU/CSU,male,25,Corona ,Corona ,"    I am 25 years old and male. Ideologically, I mostly support CDU/CSU. I live in West Germany. And in my opinion,the most important problem facing Germany today is     ","    This person is 25 years old and male. Ideologically, S/he mostly supports CDU/CSU.  S/he lives in West Germany. And according to this person, what is the most important problem facing Germany today in 2021?     ","how to maintain the balance between its national interests and those of the European Union.
The German government is making a huge effort in order to make Europe more stable,more prosperous and more united.But we also see that Germany has to take{}"
East,11037,SPD,male,46,Bildung,Bildung,"    I am 46 years old and male. Ideologically, I mostly support SPD. I live in East Germany. And in my opinion,the most important problem facing Germany today is     ","    This person is 46 years old and male. Ideologically, S/he mostly supports SPD.  S/he lives in East Germany. And according to this person, what is the most important problem facing Germany today in 2021?     ","The lack of a strong,united and powerful center.
Too many different parties in the Bundestag,too many different interests,too much bickering about who is right or wrongï¿½ï¿½ï¿½and the result:nothing "
West,26114,CDU/CSU,male,47,Coronakrise,Coronakrise,"    I am 47 years old and male. Ideologically, I mostly support CDU/CSU. I live in West Germany. And in my opinion,the most important problem facing Germany today is     ","    This person is 47 years old and male. Ideologically, S/he mostly supports CDU/CSU.  S/he lives in West Germany. And according to this person, what is the most important problem facing Germany today in 2021?     ","How to get immigrants and refugees to integrate into the German society?
If you are not a native speaker,or if you want to improve your English,then this course is for you.
Learn English with me and{}"
West,36838,GRï¿½ï,female,27,Klimaschutz ,Klimaschutz ,"    I am 27 years old and female. Ideologically, I mostly support GRï¿½ï¿½NE. I live in West Germany. And in my opinion,the most important problem facing Germany today is ","    This person is 27 years old and female. Ideologically, S/he mostly supports GRï¿½ï¿½NE.  S/he lives in West Germany. And according to this person, what is the most important problem facing Germany today in 2021? ","how to get out of this mess.
I think it is a very difficult task,because the Germans are just not used to being losers or winners in sports competitions with their neighbors and former enemies.
Their idea{}"
West,18074,SPD,female,63,Corona,Corona,"    I am 63 years old and female. Ideologically, I mostly support SPD. I live in West Germany. And in my opinion,the most important problem facing Germany today is     ","    This person is 63 years old and female. Ideologically, S/he mostly supports SPD.  S/he lives in West Germany. And according to this person, what is the most important problem facing Germany today in 2021?     ","the lack of a clear and coherent foreign policy,and the lack of an intelligible and consistent national identity.
Unfortunately I don't have time to write more about it now.{}"
West,28278,no party,male,23,Corona,Corona,"    I am 23 years old and male. Ideologically, I mostly support no party. I live in West Germany. And in my opinion,the most important problem facing Germany today is     ","    This person is 23 years old and male. Ideologically, S/he mostly supports no party.  S/he lives in West Germany. And according to this person, what is the most important problem facing Germany today in 2021?     ","The lack of a clear vision.
There is no political leadership,no common goal,no nation-building strategy and no long term plan for the future.
Germany has become a country of opportunists with short sighted politicians{}"
East,39389,CDU/CSU,female,50,covid,covid,"    I am 50 years old and female. Ideologically, I mostly support CDU/CSU. I live in East Germany. And in my opinion,the most important problem facing Germany today is     ","    This person is 50 years old and female. Ideologically, S/he mostly supports CDU/CSU.  S/he lives in East Germany. And according to this person, what is the most important problem facing Germany today in 2021?     ","How to deal with the fact that a large part of our population is not interested in politics,and does not vote.
I think this problem has been here for decades and it will be there in 2017 as well.{}"
East,33925,GRï¿½ï,male,66,Corona,Corona,"    I am 66 years old and male. Ideologically, I mostly support GRï¿½ï¿½NE. I live in East Germany. And in my opinion,the most important problem facing Germany today is ","    This person is 66 years old and male. Ideologically, S/he mostly supports GRï¿½ï¿½NE.  S/he lives in East Germany. And according to this person, what is the most important problem facing Germany today in 2021? ","How to avoid another war in Europe.
In a few words,and I'm not going to say much more on this subject:
The main problem is that the German Government and the people of Germany are still under the influence of the{}"
West,6341,no party,female,27,Corona,Corona,"    I am 27 years old and female. Ideologically, I mostly support no party. I live in West Germany. And in my opinion,the most important problem facing Germany today is     ","    This person is 27 years old and female. Ideologically, S/he mostly supports no party.  S/he lives in West Germany. And according to this person, what is the most important problem facing Germany today in 2021?     ","The lack of a policy to integrate the 5 million Muslims living in Germany.
But the most important problem is that there are no leaders with the courage and vision necessary to take on this challenge.
I don't know if you{}"
West,13648,CDU/CSU,male,66,gesundheit,gesundheit,"    I am 66 years old and male. Ideologically, I mostly support CDU/CSU. I live in West Germany. And in my opinion,the most important problem facing Germany today is     ","    This person is 66 years old and male. Ideologically, S/he mostly supports CDU/CSU.  S/he lives in West Germany. And according to this person, what is the most important problem facing Germany today in 2021?     ","What will happen when the German economy starts to shrink? When it starts to contract,the unemployment rate will rise,and so will the number of people who have no money. And what happens then?
Answer: The government will{}"
West,29450,SPD,male,53,Corona,Corona,"    I am 53 years old and male. Ideologically, I mostly support SPD. I live in West Germany. And in my opinion,the most important problem facing Germany today is     ","    This person is 53 years old and male. Ideologically, S/he mostly supports SPD.  S/he lives in West Germany. And according to this person, what is the most important problem facing Germany today in 2021?     ","the relationship between Germany and the rest of Europe.
So,if I can summarize my thoughts on this subject in one sentence:
""If you want to live well with your neighbours,you have to learn how to speak their language.""{}"
West,34331,SPD,female,42,Corona Pandemie ,Corona Pandemie ,"    I am 42 years old and female. Ideologically, I mostly support SPD. I live in West Germany. And in my opinion,the most important problem facing Germany today is     ","    This person is 42 years old and female. Ideologically, S/he mostly supports SPD.  S/he lives in West Germany. And according to this person, what is the most important problem facing Germany today in 2021?     ","The German people are too stupid,too lazy and simply don't care enough.
I know that this is a sweeping generalization of the population but I think it applies to most Germans today.
And if you look at{}"
East,40524,other party,male,33,Spaltung der Gesellschaft ,Spaltung der Gesellschaft ,"    I am 33 years old and male. Ideologically, I mostly support other party. I live in East Germany. And in my opinion,the most important problem facing Germany today is     ","    This person is 33 years old and male. Ideologically, S/he mostly supports other party.  S/he lives in East Germany. And according to this person, what is the most important problem facing Germany today in 2021?     ","How to ensure that people are not afraid of their own government?
The German constitution,the Basic Law for the Federal Republic of Germany (Grundgesetz fï¿½ï¿½r die Bundesrepublik Deutschland),is a very important document.It is,in fa"
East,3069,DIE LINKE,female,55,coronamassnahmen,coronamassnahmen,"    I am 55 years old and female. Ideologically, I mostly support DIE LINKE. I live in East Germany. And in my opinion,the most important problem facing Germany today is     ","    This person is 55 years old and female. Ideologically, S/he mostly supports DIE LINKE.  S/he lives in East Germany. And according to this person, what is the most important problem facing Germany today in 2021?     ","The problem of the German (and European) population.
I think that if you understand this,then everything else is easy to understand and explain...
And I will try it in a few words:
Germany has no population policy{}"
West,37307,SPD,female,39,Flï¿½ï¿½chtli,Flï¿½ï¿½chtli,"    I am 39 years old and female. Ideologically, I mostly support SPD. I live in West Germany. And in my opinion,the most important problem facing Germany today is     ","    This person is 39 years old and female. Ideologically, S/he mostly supports SPD.  S/he lives in West Germany. And according to this person, what is the most important problem facing Germany today in 2021?     ","the lack of a clear,strong and united political leadership.
And in my opinion,in few words,the most important problem facing Germany today is:the lack of a clear,strong and united political leadership.
There are many reasons{}"
West,21565,other party,female,66,Corona Pandemie bekï¿½ï¿½mp,Corona Pandemie bekï¿½ï¿½mp,"    I am 66 years old and female. Ideologically, I mostly support other party. I live in West Germany. And in my opinion,the most important problem facing Germany today is     ","    This person is 66 years old and female. Ideologically, S/he mostly supports other party.  S/he lives in West Germany. And according to this person, what is the most important problem facing Germany today in 2021?     ","the ""German Question"".
Most people are unaware that Germany is not a country. It's an idea,a concept,an ideal.It was invented by the German nationalists in 1848 and it{}"
West,13306,SPD,male,66,klimawandel,klimawandel,"    I am 66 years old and male. Ideologically, I mostly support SPD. I live in West Germany. And in my opinion,the most important problem facing Germany today is     ","    This person is 66 years old and male. Ideologically, S/he mostly supports SPD.  S/he lives in West Germany. And according to this person, what is the most important problem facing Germany today in 2021?     ","how to save the Euro.
I do not believe that Germany,or any other country in Europe for that matter,has a choice but to save it.The alternative of allowing the entire European project to collapse is unthinkable.
But{}"
West,11058,other party,male,57,Pflegenotstand ,Pflegenotstand ,"    I am 57 years old and male. Ideologically, I mostly support other party. I live in West Germany. And in my opinion,the most important problem facing Germany today is     ","    This person is 57 years old and male. Ideologically, S/he mostly supports other party.  S/he lives in West Germany. And according to this person, what is the most important problem facing Germany today in 2021?     ","The ""German"" problem.
It is not only about the Germans,but it is also about the people who are living in Germany and have German roots(as a second language).
I am one of these people,and I{}"
West,35485,GRï¿½ï,male,56,Klimalwandel,Klimalwandel,"    I am 56 years old and male. Ideologically, I mostly support GRï¿½ï¿½NE. I live in West Germany. And in my opinion,the most important problem facing Germany today is ","    This person is 56 years old and male. Ideologically, S/he mostly supports GRï¿½ï¿½NE.  S/he lives in West Germany. And according to this person, what is the most important problem facing Germany today in 2021? ","And I think that this is the most important problem facing Germany today.
I do not know if it would be better to use ""the"" or not,but in my opinion,in a few words,the most important problem facing Germany today{}"
West,12156,AfD,male,54,Gesundheitssystem,Gesundheitssystem,"    I am 54 years old and male. Ideologically, I mostly support AfD. I live in West Germany. And in my opinion,the most important problem facing Germany today is     ","    This person is 54 years old and male. Ideologically, S/he mostly supports AfD.  S/he lives in West Germany. And according to this person, what is the most important problem facing Germany today in 2021?     ","How to get rid of the idea that the Jews are responsible for everything.
I think I'm right in saying that when Hitler came into power,Germany was a democracy and Germany had a constitution which guaranteed freedom of speech etc{}"
West,34745,SPD,male,66,Pandemie,Pandemie,"    I am 66 years old and male. Ideologically, I mostly support SPD. I live in West Germany. And in my opinion,the most important problem facing Germany today is     ","    This person is 66 years old and male. Ideologically, S/he mostly supports SPD.  S/he lives in West Germany. And according to this person, what is the most important problem facing Germany today in 2021?     ","The German government and the people must do their utmost to prevent the destruction of Europe,which is going on right now.This is my opinion,of course,and I believe that this issue should be discussed in schools as well.{}"
West,17764,no party,female,61,pANDEMIE,pANDEMIE,"    I am 61 years old and female. Ideologically, I mostly support no party. I live in West Germany. And in my opinion,the most important problem facing Germany today is     ","    This person is 61 years old and female. Ideologically, S/he mostly supports no party.  S/he lives in West Germany. And according to this person, what is the most important problem facing Germany today in 2021?     ","As I see it,the most important problem facing Germany today is:{}"
West,800,no party,female,34,Corona,Corona,"    I am 34 years old and female. Ideologically, I mostly support no party. I live in West Germany. And in my opinion,the most important problem facing Germany today is     ","    This person is 34 years old and female. Ideologically, S/he mostly supports no party.  S/he lives in West Germany. And according to this person, what is the most important problem facing Germany today in 2021?     ","The lack of a clear and decisive will to stop the Muslim invasion.
Labels: Germany, Islamic Invasion{}"
West,20333,GRï¿½ï,male,52,Bewï¿½ï¿½ltigung der Corona-K,Bewï¿½ï¿½ltigung der Corona-K,"    I am 52 years old and male. Ideologically, I mostly support GRï¿½ï¿½NE. I live in West Germany. And in my opinion,the most important problem facing Germany today is ","    This person is 52 years old and male. Ideologically, S/he mostly supports GRï¿½ï¿½NE.  S/he lives in West Germany. And according to this person, what is the most important problem facing Germany today in 2021? ","The German people have lost their sense of identity.They don't know who they are or where they belong to anymore.
There is a great cultural identity crisis in Germany today,and I think that this problem can be explained by the following{}"
West,21842,DIE LINKE,female,64,CORONA,CORONA,"    I am 64 years old and female. Ideologically, I mostly support DIE LINKE. I live in West Germany. And in my opinion,the most important problem facing Germany today is     ","    This person is 64 years old and female. Ideologically, S/he mostly supports DIE LINKE.  S/he lives in West Germany. And according to this person, what is the most important problem facing Germany today in 2021?     ","The lack of a clear,honest and unifying political leadership.
I am not saying that the ""German people"" are to blame for this.
But it is true that many of them do not have enough perception or{}"
East,33019,AfD,male,66,Umverteilung,Umverteilung,"    I am 66 years old and male. Ideologically, I mostly support AfD. I live in East Germany. And in my opinion,the most important problem facing Germany today is     ","    This person is 66 years old and male. Ideologically, S/he mostly supports AfD.  S/he lives in East Germany. And according to this person, what is the most important problem facing Germany today in 2021?     ","How to integrate the millions of immigrants who are coming here.
I have no doubt that there will be more and more in the future,and they come from all over the world,but mostly from Muslim countries like Turkey or Moroc{}"
West,16816,SPD,male,45,Klimawandel,Klimawandel,"    I am 45 years old and male. Ideologically, I mostly support SPD. I live in West Germany. And in my opinion,the most important problem facing Germany today is     ","    This person is 45 years old and male. Ideologically, S/he mostly supports SPD.  S/he lives in West Germany. And according to this person, what is the most important problem facing Germany today in 2021?     ","The German National Identity.
And the most important question that needs to be answered is:
What does it mean to be a German?
In my opinion,the answer can only come from the Germans themselves and not from foreigners like{}"
East,39935,CDU/CSU,male,61,Corona,Corona,"    I am 61 years old and male. Ideologically, I mostly support CDU/CSU. I live in East Germany. And in my opinion,the most important problem facing Germany today is     ","    This person is 61 years old and male. Ideologically, S/he mostly supports CDU/CSU.  S/he lives in East Germany. And according to this person, what is the most important problem facing Germany today in 2021?     ","How to keep the Euro?
Because,as you can see in this thread:
Germany : The most important problem facing Germany today is:
https://www.german-way.com/forums/topic/{}"
West,16117,no party,female,55,Pandemie,Pandemie,"    I am 55 years old and female. Ideologically, I mostly support no party. I live in West Germany. And in my opinion,the most important problem facing Germany today is     ","    This person is 55 years old and female. Ideologically, S/he mostly supports no party.  S/he lives in West Germany. And according to this person, what is the most important problem facing Germany today in 2021?     ","Arabs and Muslims.
The reason for this is that the Arabs have been a problem in Germany since the 1960's,when they arrived as ""guestworkers"" from Turkey and North Africa to{}"
West,10168,no party,female,44,Wirtschaft,Wirtschaft,"    I am 44 years old and female. Ideologically, I mostly support no party. I live in West Germany. And in my opinion,the most important problem facing Germany today is     ","    This person is 44 years old and female. Ideologically, S/he mostly supports no party.  S/he lives in West Germany. And according to this person, what is the most important problem facing Germany today in 2021?     ","how to promote the economic and social development of rural areas,and in order to do this,we need to improve the infrastructure.
I think that is a very good question because it's not easy for me to answer.
Some people{}"
West,34335,SPD,female,46,Die Bekï¿½ï¿½mpfung des Klimawan,Die Bekï¿½ï¿½mpfung des Klimawan,"    I am 46 years old and female. Ideologically, I mostly support SPD. I live in West Germany. And in my opinion,the most important problem facing Germany today is     ","    This person is 46 years old and female. Ideologically, S/he mostly supports SPD.  S/he lives in West Germany. And according to this person, what is the most important problem facing Germany today in 2021?     ","A)The lack of language skills among the German youth.
B)The rise in crime and violence,especially in big cities like Berlin or Hamburg.
C)The increasing number of unemployed people.
D)The{}"
East,860,FDP,male,66,Pandemie bekï¿½ï¿½m,Pandemie bekï¿½ï¿½m,"    I am 66 years old and male. Ideologically, I mostly support FDP. I live in East Germany. And in my opinion,the most important problem facing Germany today is     ","    This person is 66 years old and male. Ideologically, S/he mostly supports FDP.  S/he lives in East Germany. And according to this person, what is the most important problem facing Germany today in 2021?     ","The complete lack of any long term strategy.
Thats why Merkel is so popular,she lacks a vision and that makes her look like the only sane person in this country.
I don't think Germany has ever had{}"
East,37090,no party,female,62,Corona,Corona,"    I am 62 years old and female. Ideologically, I mostly support no party. I live in East Germany. And in my opinion,the most important problem facing Germany today is     ","    This person is 62 years old and female. Ideologically, S/he mostly supports no party.  S/he lives in East Germany. And according to this person, what is the most important problem facing Germany today in 2021?     ","The German government is not doing enough to help the unemployed.
I have been in Germany for almost 17 years now,and Iï¿½ï¿½ï¿½ve never seen any government do so little for its citizens as the current one d"
West,37741,DIE LINKE,male,43,corono pandemie,corono pandemie,"    I am 43 years old and male. Ideologically, I mostly support DIE LINKE. I live in West Germany. And in my opinion,the most important problem facing Germany today is     ","    This person is 43 years old and male. Ideologically, S/he mostly supports DIE LINKE.  S/he lives in West Germany. And according to this person, what is the most important problem facing Germany today in 2021?     ","The problem of the Germans.
Germany is a very good country,and one that has always been at the forefront in terms of technology and innovation.But Germany also has some problems:
-The Germans are not{}"
West,39474,DIE LINKE,male,28,Einkommensunterschiede ,Einkommensunterschiede ,"    I am 28 years old and male. Ideologically, I mostly support DIE LINKE. I live in West Germany. And in my opinion,the most important problem facing Germany today is     ","    This person is 28 years old and male. Ideologically, S/he mostly supports DIE LINKE.  S/he lives in West Germany. And according to this person, what is the most important problem facing Germany today in 2021?     ","Germany is not a nation, but an ""Empire"" - and it's the worst Empire ever.
The German Reich was founded on the ruins of the Roman Empire (which was also an empire),and nowad{}"
West,18557,SPD,male,47,Corona,Corona,"    I am 47 years old and male. Ideologically, I mostly support SPD. I live in West Germany. And in my opinion,the most important problem facing Germany today is     ","    This person is 47 years old and male. Ideologically, S/he mostly supports SPD.  S/he lives in West Germany. And according to this person, what is the most important problem facing Germany today in 2021?     ","How to get rid of this man:
German government and the German people have a lot of problems,but they donï¿½ï¿½ï¿½t seem to be able to unite against their biggest problem.
Angela Merkel has been in power"
West,33785,FDP,male,38,Corona,Corona,"    I am 38 years old and male. Ideologically, I mostly support FDP. I live in West Germany. And in my opinion,the most important problem facing Germany today is     ","    This person is 38 years old and male. Ideologically, S/he mostly supports FDP.  S/he lives in West Germany. And according to this person, what is the most important problem facing Germany today in 2021?     ","the nation's lack of a 'soul'.
A soul is defined as ""the spiritual or emotional aspect of a person"".
The German nation has been deprived of this for many years.
And I believe that if{}"
West,32030,FDP,male,44,Die durch die Coronapandemie hervorgerufene aggressive Politikverdrossenheit,Die durch die Coronapandemie hervorgerufene aggressive Politikverdrossenheit,"    I am 44 years old and male. Ideologically, I mostly support FDP. I live in West Germany. And in my opinion,the most important problem facing Germany today is     ","    This person is 44 years old and male. Ideologically, S/he mostly supports FDP.  S/he lives in West Germany. And according to this person, what is the most important problem facing Germany today in 2021?     ","How to deal with the European Union?
Germany's political elites are not able to formulate a coherent and unified policy towards Europe. In this respect, they lack clear ideas about what Germany wants from the EU{}"
East,39330,other party,female,63,"Das Beenden dieses unsï¿½ï¿½glichen Corona-Theaters, das fï¿½ï¿½r jeden Menschen mit einem halbwegs gesunden Menschenverstand eine Zumut",Das Beenden dieses unsï¿½ï¿½glichen Corona-Thea,"    I am 63 years old and female. Ideologically, I mostly support other party. I live in East Germany. And in my opinion,the most important problem facing Germany today is     ","    This person is 63 years old and female. Ideologically, S/he mostly supports other party.  S/he lives in East Germany. And according to this person, what is the most important problem facing Germany today in 2021?     ",How do we get rid of the Muslims?{}
West,28096,AfD,male,54,migration,migration,"    I am 54 years old and male. Ideologically, I mostly support AfD. I live in West Germany. And in my opinion,the most important problem facing Germany today is     ","    This person is 54 years old and male. Ideologically, S/he mostly supports AfD.  S/he lives in West Germany. And according to this person, what is the most important problem facing Germany today in 2021?     ","How to make a better and more efficient use of the great wealth which is in Germany. This has been my main concern during all these years,and it is my only interest at this moment.
The greatest treasure of Germany today is its{}"
West,29979,no party,female,66,Corona,Corona,"    I am 66 years old and female. Ideologically, I mostly support no party. I live in West Germany. And in my opinion,the most important problem facing Germany today is     ","    This person is 66 years old and female. Ideologically, S/he mostly supports no party.  S/he lives in West Germany. And according to this person, what is the most important problem facing Germany today in 2021?     ","The German people have lost their identity.
They are not Germans anymore,they are just a mixture of every race on earth and they don't even know it!
I am not saying that there are no more real Germans left{}"
West,15239,FDP,female,56,corona,corona,"    I am 56 years old and female. Ideologically, I mostly support FDP. I live in West Germany. And in my opinion,the most important problem facing Germany today is     ","    This person is 56 years old and female. Ideologically, S/he mostly supports FDP.  S/he lives in West Germany. And according to this person, what is the most important problem facing Germany today in 2021?     ","What will happen to the German economy if it loses its export market?
In other words,what happens when Germany's customers have no money left and can not buy anymore.
I think that this is a very important question,because{}"
West,40582,FDP,male,40,Covid-N19,Covid-N19,"    I am 40 years old and male. Ideologically, I mostly support FDP. I live in West Germany. And in my opinion,the most important problem facing Germany today is     ","    This person is 40 years old and male. Ideologically, S/he mostly supports FDP.  S/he lives in West Germany. And according to this person, what is the most important problem facing Germany today in 2021?     ","What can we do to prevent the inflow of cheap labor from Turkey and other countries?
Because if you don't have money,you cannot live.
I think that Germany is a very rich country with a lot of opportunities{}"
West,32602,GRï¿½ï,male,19,Klimawandel,Klimawandel,"    I am 19 years old and male. Ideologically, I mostly support GRï¿½ï¿½NE. I live in West Germany. And in my opinion,the most important problem facing Germany today is ","    This person is 19 years old and male. Ideologically, S/he mostly supports GRï¿½ï¿½NE.  S/he lives in West Germany. And according to this person, what is the most important problem facing Germany today in 2021? ","The German government is NOT acting fast enough to reduce the huge debt burden of the country,which has been growing since 2019.This situation could lead to a fiscal crisis in Germany and cause serious problems for other countries{}"
West,30255,other party,female,31,Impfen,Impfen,"    I am 31 years old and female. Ideologically, I mostly support other party. I live in West Germany. And in my opinion,the most important problem facing Germany today is     ","    This person is 31 years old and female. Ideologically, S/he mostly supports other party.  S/he lives in West Germany. And according to this person, what is the most important problem facing Germany today in 2021?     ","Is it still possible to live in Germany? Or is it no longer possible,as it was 10 years ago?
I think that the answer will be given by our children.
If they can live here or not.
And{}"
East,36710,DIE LINKE,female,63,Rechtsruck in der Gesellschaft,Rechtsruck in der Gesellschaft,"    I am 63 years old and female. Ideologically, I mostly support DIE LINKE. I live in East Germany. And in my opinion,the most important problem facing Germany today is     ","    This person is 63 years old and female. Ideologically, S/he mostly supports DIE LINKE.  S/he lives in East Germany. And according to this person, what is the most important problem facing Germany today in 2021?     ","The lack of a stable and reliable government.
And in my opinion,in a few words,the most important problem facing Germany today is: The lack of a stable and reliable government.{}"
West,14814,GRï¿½ï,male,63,Der Abstand zwischen Politikern und Bï¿½ï¿½r,Der Abstand zwischen Politikern und Bï¿½ï¿½r,"    I am 63 years old and male. Ideologically, I mostly support GRï¿½ï¿½NE. I live in West Germany. And in my opinion,the most important problem facing Germany today is ","    This person is 63 years old and male. Ideologically, S/he mostly supports GRï¿½ï¿½NE.  S/he lives in West Germany. And according to this person, what is the most important problem facing Germany today in 2021? ","The German government has lost its way.It is no longer able to make the right decisions for Germany.
Germany's problems are many,and they all stem from one source:the fact that the Federal Republic of Germany is{}"
West,32212,GRï¿½ï,female,23,Klima,Klima,"    I am 23 years old and female. Ideologically, I mostly support GRï¿½ï¿½NE. I live in West Germany. And in my opinion,the most important problem facing Germany today is ","    This person is 23 years old and female. Ideologically, S/he mostly supports GRï¿½ï¿½NE.  S/he lives in West Germany. And according to this person, what is the most important problem facing Germany today in 2021? ","The end of the ï¿½ï¿½ï¿½economic miracleï¿½ï¿½ï¿½!
And I say this because Germany is in a very difficult economic situation.It has been for many years and it continues to be so despite all the efforts made by the German gov"
West,22161,GRï¿½ï,male,66,Soziales Ungleichgewicht,Soziales Ungleichgewicht,"    I am 66 years old and male. Ideologically, I mostly support GRï¿½ï¿½NE. I live in West Germany. And in my opinion,the most important problem facing Germany today is ","    This person is 66 years old and male. Ideologically, S/he mostly supports GRï¿½ï¿½NE.  S/he lives in West Germany. And according to this person, what is the most important problem facing Germany today in 2021? ","the lack of political will to take a firm stand against the EU-dictatorship,and its attempt to create a European Empire.
I know many people who feel exactly as I do about this issue,but unfortunately most Germans are still{}"
West,36811,DIE LINKE,male,61,Corona Pandemie,Corona Pandemie,"    I am 61 years old and male. Ideologically, I mostly support DIE LINKE. I live in West Germany. And in my opinion,the most important problem facing Germany today is     ","    This person is 61 years old and male. Ideologically, S/he mostly supports DIE LINKE.  S/he lives in West Germany. And according to this person, what is the most important problem facing Germany today in 2021?     ","The German people are not aware of the fact that they are a nation.
When I say ""German"",I mean the people living in Germany,their culture and their history.
It's very important to be proud of your{}"
West,34845,CDU/CSU,female,53,Pandemie,Pandemie,"    I am 53 years old and female. Ideologically, I mostly support CDU/CSU. I live in West Germany. And in my opinion,the most important problem facing Germany today is     ","    This person is 53 years old and female. Ideologically, S/he mostly supports CDU/CSU.  S/he lives in West Germany. And according to this person, what is the most important problem facing Germany today in 2021?     ","The lack of a coherent and effective foreign policy.
And in my opinion,in a few words,the most important problem facing Germany today is: The lack of a coherent and effective foreign policy.
I think that'{}"
West,30671,"not asked, terminated",female,47,Rente,Rente,"    I am 47 years old and female. Ideologically, I mostly support not asked, terminated. I live in West Germany. And in my opinion,the most important problem facing Germany today is     ","    This person is 47 years old and female. Ideologically, S/he mostly supports not asked, terminated.  S/he lives in West Germany. And according to this person, what is the most important problem facing Germany today in 2021?     ","The German government has created a huge crisis in Europe,a crisis that will have repercussions for years to come. And the only way out of it is to get rid of Angela Merkel and her madness!
But I{}"
West,27816,DIE LINKE,female,62,corona,corona,"    I am 62 years old and female. Ideologically, I mostly support DIE LINKE. I live in West Germany. And in my opinion,the most important problem facing Germany today is     ","    This person is 62 years old and female. Ideologically, S/he mostly supports DIE LINKE.  S/he lives in West Germany. And according to this person, what is the most important problem facing Germany today in 2021?     ","The greatest threat to the German people is:
- The growing number of Muslim migrants and the problems this causes, both for Germany as a nation and for its citizens. I do not believe that Islam can be integrated into European culture. It{}"
West,15057,no party,female,66,zu viel Einwanderer,zu viel Einwanderer,"    I am 66 years old and female. Ideologically, I mostly support no party. I live in West Germany. And in my opinion,the most important problem facing Germany today is     ","    This person is 66 years old and female. Ideologically, S/he mostly supports no party.  S/he lives in West Germany. And according to this person, what is the most important problem facing Germany today in 2021?     ","What is the best way to deal with the unemployed?
In my opinion,the most important problem facing Germany today is: What is the best way to deal with the unemployed?
I believe that this question can{}"
West,15190,CDU/CSU,male,56,pandemie,pandemie,"    I am 56 years old and male. Ideologically, I mostly support CDU/CSU. I live in West Germany. And in my opinion,the most important problem facing Germany today is     ","    This person is 56 years old and male. Ideologically, S/he mostly supports CDU/CSU.  S/he lives in West Germany. And according to this person, what is the most important problem facing Germany today in 2021?     ","The perception of the German people that they are superior to others,and even more importantly their conviction.
This is not only a problem for Germany but also for Europe and it will become an even bigger problem in the future if something{}"
West,11526,GRï¿½ï,male,58,Klima,Klima,"    I am 58 years old and male. Ideologically, I mostly support GRï¿½ï¿½NE. I live in West Germany. And in my opinion,the most important problem facing Germany today is ","    This person is 58 years old and male. Ideologically, S/he mostly supports GRï¿½ï¿½NE.  S/he lives in West Germany. And according to this person, what is the most important problem facing Germany today in 2021? ","Germany is a rich country,but it doesn't know how to use its money.It gives away too much of it in the form of 'foreign aid'.The German government has decided that Germany should spend 0.7{}"
East,36865,AfD,male,45,"ungleichheit in zu vielen Bereichen,Gehalt,Rente U.s.w",ungleichheit in zu vielen Bereichen,"    I am 45 years old and male. Ideologically, I mostly support AfD. I live in East Germany. And in my opinion,the most important problem facing Germany today is     ","    This person is 45 years old and male. Ideologically, S/he mostly supports AfD.  S/he lives in East Germany. And according to this person, what is the most important problem facing Germany today in 2021?     ","the huge number of unemployed.
I think this problem should be solved as soon as possible,because it is very unfair that so many people are out of work and they have no chance to find a job in the near future{}"
West,39086,CDU/CSU,female,66,Umgang mit der Pandemie  ,Umgang mit der Pandemie  ,"    I am 66 years old and female. Ideologically, I mostly support CDU/CSU. I live in West Germany. And in my opinion,the most important problem facing Germany today is     ","    This person is 66 years old and female. Ideologically, S/he mostly supports CDU/CSU.  S/he lives in West Germany. And according to this person, what is the most important problem facing Germany today in 2021?     ","How to get rid of the 3rd Reich,and its aftermath.
The 2nd part is: How to deal with the fact that Germany has been occupied for almost 70 years? And how to make people realize that{}"
West,35749,GRï¿½ï,male,54,die neue Corona-Variante,die neue Corona-Variante,"    I am 54 years old and male. Ideologically, I mostly support GRï¿½ï¿½NE. I live in West Germany. And in my opinion,the most important problem facing Germany today is ","    This person is 54 years old and male. Ideologically, S/he mostly supports GRï¿½ï¿½NE.  S/he lives in West Germany. And according to this person, what is the most important problem facing Germany today in 2021? ","integrating the immigrants.
I don't believe that Germany has to be a country for Germans only,but I do think that it should be a nation of people who have a common language and culture.This is not rac{}"
East,19342,AfD,male,66,Corona,Corona,"    I am 66 years old and male. Ideologically, I mostly support AfD. I live in East Germany. And in my opinion,the most important problem facing Germany today is     ","    This person is 66 years old and male. Ideologically, S/he mostly supports AfD.  S/he lives in East Germany. And according to this person, what is the most important problem facing Germany today in 2021?     ","the most important problem facing Germany today is:
The answer to this question,in my opinion,is the following one.I think that the most important problem facing Germany in 2016 was the immigration crisis and it will be{}"
West,11134,SPD,male,65,Corona,Corona,"    I am 65 years old and male. Ideologically, I mostly support SPD. I live in West Germany. And in my opinion,the most important problem facing Germany today is     ","    This person is 65 years old and male. Ideologically, S/he mostly supports SPD.  S/he lives in West Germany. And according to this person, what is the most important problem facing Germany today in 2021?     ","The lack of a strong political and economic leadership.
In the last 10 years Germany has had more than enough opportunities to become one of the major world powers,but unfortunately it didn't take advantage of them.
I think{}"
West,11421,other party,female,52,Coronapandemie bekï¿½ï¿½m,Coronapandemie bekï¿½ï¿½m,"    I am 52 years old and female. Ideologically, I mostly support other party. I live in West Germany. And in my opinion,the most important problem facing Germany today is     ","    This person is 52 years old and female. Ideologically, S/he mostly supports other party.  S/he lives in West Germany. And according to this person, what is the most important problem facing Germany today in 2021?     ","The refugee crisis.
I know,this is a very controversial subject in Germany today but I think that it's important to discuss this matter because many people are suffering and the situation will only get worse if nothing is done about it{}"
West,33660,CDU/CSU,male,60,Corona,Corona,"    I am 60 years old and male. Ideologically, I mostly support CDU/CSU. I live in West Germany. And in my opinion,the most important problem facing Germany today is     ","    This person is 60 years old and male. Ideologically, S/he mostly supports CDU/CSU.  S/he lives in West Germany. And according to this person, what is the most important problem facing Germany today in 2021?     ","the fact that it is not a single country.
The German Reich was divided into two parts: West Germany and East Germany,which were separated by a cold war border (the iron curtain) between 1945-198{}"
West,143,SPD,male,66,Bekï¿½ï¿½mpfung der Pand,Bekï¿½ï¿½mpfung der Pand,"    I am 66 years old and male. Ideologically, I mostly support SPD. I live in West Germany. And in my opinion,the most important problem facing Germany today is     ","    This person is 66 years old and male. Ideologically, S/he mostly supports SPD.  S/he lives in West Germany. And according to this person, what is the most important problem facing Germany today in 2021?     ","The inability of the political class to find a solution for overcoming this problem.
This is not only due to an obstinate lack of willingness on behalf of many politicians,but also because they are unable to identify the problem{}"
